"Food, Beverages & Tobacco""
"Food, Beverages & Tobacco" , "Beverages"
"Food, Beverages & Tobacco" , "Beverages" , "Alcoholic Beverages"
"Food, Beverages & Tobacco" , "Beverages" , "Alcoholic Beverages" , "Beer"
"Food, Beverages & Tobacco" , "Beverages" , "Alcoholic Beverages" , "Bitters"
"Food, Beverages & Tobacco" , "Beverages" , "Alcoholic Beverages" , "Cocktail Mixes"
"Food, Beverages & Tobacco" , "Beverages" , "Alcoholic Beverages" , "Cocktail Mixes" , "Frozen Cocktail Mixes"
"Food, Beverages & Tobacco" , "Beverages" , "Alcoholic Beverages" , "Cocktail Mixes" , "Shelf-stable Cocktail Mixes"
"Food, Beverages & Tobacco" , "Beverages" , "Alcoholic Beverages" , "Flavored Alcoholic Beverages"
"Food, Beverages & Tobacco" , "Beverages" , "Alcoholic Beverages" , "Hard Cider"
"Food, Beverages & Tobacco" , "Beverages" , "Alcoholic Beverages" , "Liquor & Spirits"
"Food, Beverages & Tobacco" , "Beverages" , "Alcoholic Beverages" , "Liquor & Spirits" , "Absinthe"
"Food, Beverages & Tobacco" , "Beverages" , "Alcoholic Beverages" , "Liquor & Spirits" , "Brandy"
"Food, Beverages & Tobacco" , "Beverages" , "Alcoholic Beverages" , "Liquor & Spirits" , "Gin"
"Food, Beverages & Tobacco" , "Beverages" , "Alcoholic Beverages" , "Liquor & Spirits" , "Liqueurs"
"Food, Beverages & Tobacco" , "Beverages" , "Alcoholic Beverages" , "Liquor & Spirits" , "Rum"
"Food, Beverages & Tobacco" , "Beverages" , "Alcoholic Beverages" , "Liquor & Spirits" , "Shochu & Soju"
"Food, Beverages & Tobacco" , "Beverages" , "Alcoholic Beverages" , "Liquor & Spirits" , "Shochu & Soju > Shochu"
"Food, Beverages & Tobacco" , "Beverages" , "Alcoholic Beverages" , "Liquor & Spirits" , "Shochu & Soju > Soju"
"Food, Beverages & Tobacco" , "Beverages" , "Alcoholic Beverages" , "Liquor & Spirits" , "Tequila"
"Food, Beverages & Tobacco" , "Beverages" , "Alcoholic Beverages" , "Liquor & Spirits" , "Vodka"
"Food, Beverages & Tobacco" , "Beverages" , "Alcoholic Beverages" , "Liquor & Spirits" , "Whiskey"
"Food, Beverages & Tobacco" , "Beverages" , "Alcoholic Beverages" , "Wine"
"Food, Beverages & Tobacco" , "Beverages" , "Buttermilk"
"Food, Beverages & Tobacco" , "Beverages" , "Coffee"
"Food, Beverages & Tobacco" , "Beverages" , "Eggnog"